step;tempo;distancia;E;K;U;T;raio;virial
0;0;0.000251982;-356.088;342.668;-698.756;228.445;0.583907;-134.199
100;1;0.40871;1100.04;1115.68;-156.388;743.785;27.283;2215.72
200;2;0.896848;1100.12;1113.19;-130.626;742.124;556.444;2213.31
300;3;132.522;1099.99;1113.04;-130.457;742.025;826.154;2213.03
400;4;20.423;1105.94;1111.04;-509.489;740.693;108.962;2216.98
500;5;314.007;1105.91;1111.79;-588.464;741.195;134.943;2217.7
600;6;415.742;1105.94;1109.08;-314.368;739.387;160.681;2215.02
700;7;516.715;1105.93;1109.06;-312.935;739.371;186.244;2214.98
800;8;618.819;1105.94;1108.76;-282.317;739.176;211.675;2214.7
900;9;72.833;1105.93;1108.31;-237.293;73.887;236.386;2214.24
1000;10;833.607;1105.97;1110.03;-406.077;740.022;26.092;2216.01
1100;11;928.712;1105.93;1108.01;-207.606;738.673;28.538;2213.94
1200;12;102.855;1105.92;1108.6;-268.247;739.068;30.978;2214.52
1300;13;112.988;1105.94;1108;-206.429;738.668;334.128;2213.94
1400;14;123.711;1105.93;1107.88;-19.514;738.588;358.432;2213.81
1500;15;133.581;1105.95;1108.68;-272.544;73.912;382.697;2214.63
1600;16;142.844;1105.93;1107.66;-172.645;73.844;406.929;2213.59
1700;17;153.302;1105.9;1108.97;-306.382;739.311;431.132;2214.87
1800;18;163.319;1105.94;1107.65;-171.859;738.436;455.309;2213.59
1900;19;173.871;1105.93;1107.77;-184.565;738.516;479.462;2213.7
2000;20;183.228;1105.94;1108.02;-207.729;73.868;503.594;2213.96
2100;21;192.671;1105.93;1107.5;-156.704;738.333;527.707;2213.43
2200;22;203.475;1105.92;1109.82;-389.266;739.878;551.803;2215.74
2300;23;213.474;1105.93;1107.46;-152.409;738.306;575.883;2213.39
2400;24;223.906;1105.92;1107.85;-192.173;738.564;599.949;2213.77
2500;25;232.933;1105.94;1107.67;-172.642;738.443;624.001;2213.6
2600;26;243.206;1105.93;1107.43;-150.258;738.289;648.041;2213.36
2700;27;253.765;1105.97;1108.97;-300.257;739.315;67.207;2214.94
2800;28;262.821;1105.93;1107.34;-140.868;738.228;696.089;2213.28
2900;29;272.308;1105.92;1108.14;-222.734;738.762;720.097;2214.06
3000;30;280.553;1105.94;1107.45;-151.477;738.301;744.097;2213.39
3100;31;290.819;1105.93;1107.44;-150.891;738.292;768.088;2213.37
3200;32;300.654;1105.95;1108.1;-21.518;738.735;792.071;2214.05
3300;33;310.205;1105.93;1107.28;-134.467;738.185;816.047;2213.21
3400;34;319.654;1105.9;1108.89;-298.755;739.257;840.016;2214.78
3500;35;328.517;1105.93;1107.32;-138.009;73.821;863.978;2213.25
3600;36;339.119;1105.93;1107.52;-159.208;738.346;887.934;2213.45
3700;37;348.694;1105.94;1107.67;-172.801;738.446;911.884;2213.61
3800;38;358.197;1105.93;1107.25;-132.122;738.169;935.828;2213.18
3900;39;367.428;1105.95;1109.58;-362.728;739.719;959.767;2215.53
4000;40;377.085;1105.93;1107.23;-129.443;738.152;983.701;2213.16
4100;41;387.687;1105.92;1107.72;-179.281;738.477;100.763;2213.64
4200;42;396.955;1105.94;1107.43;-149.058;738.286;103.156;2213.37
4300;43;406.339;1105.93;1107.27;-133.707;738.179;105.548;2213.2
4400;44;415.744;1105.96;1108.53;-256.751;739.021;107.939;2214.49
4500;45;425.895;1105.93;1107.18;-12.444;738.118;110.331;2213.11
4600;46;436.385;1105.91;1108.14;-223.311;738.763;112.721;2214.06
4700;47;445.367;1105.94;1107.28;-1.345;738.187;115.112;2213.22
4800;48;45.474;1105.93;1107.33;-140.025;73.822;117.502;2213.26
4900;49;464.647;1105.95;1107.84;-189.697;738.563;119.892;2213.79
5000;50;47.496;1105.93;1107.16;-122.421;738.104;122.282;2213.09
5100;51;485.281;1105.9;1109.07;-317.305;73.938;124.671;2214.97
5200;52;494.117;1105.93;1107.19;-125.299;738.125;127.06;2213.12
5300;53;504.025;1105.93;1107.46;-153.418;738.307;129.448;2213.39
5400;54;514.328;1105.94;1107.5;-156.128;738.334;131.837;2213.44
5500;55;523.815;1105.93;1107.16;-123.328;73.811;134.225;2213.1
5600;56;533.043;1105.97;1109.28;-331.542;739.523;136.613;2215.25
5700;57;541.294;1105.93;1107.13;-119.717;738.087;139.001;2213.06
5800;58;551.347;1105.92;1107.72;-179.872;73.848;141.388;2213.64
5900;59;560.848;1105.94;1107.31;-13.709;738.205;143.775;2213.25
6000;60;570.625;1105.93;1107.21;-127.646;738.138;146.162;2213.14
6100;61;579.635;1105.96;1108.23;-227.177;73.882;148.549;2214.19
6200;62;588.474;1105.93;1107.1;-116.959;738.068;150.936;2213.04
6300;63;599.108;1105.91;1108.26;-235.669;738.842;153.322;2214.17
6400;64;608.439;1105.94;1107.19;-12.546;738.127;155.708;2213.13
6500;65;618.156;1105.93;1107.3;-136.704;738.197;158.094;2213.22
6600;66;62.685;1105.94;1107.67;-172.989;73.845;160.48;2213.62
6700;67;636.549;1105.93;1107.1;-116.771;738.067;162.866;2213.03
6800;68;647.148;1105.91;1109.3;-3.39;73.953;165.251;2215.2
6900;69;656.325;1105.93;1107.12;-118.295;738.078;167.637;2213.05
7000;70;665.936;1105.93;1107.46;-153.617;738.308;170.022;2213.39
7100;71;67.462;1105.94;1107.39;-145.237;738.261;172.407;2213.33
7200;72;685.014;1105.93;1107.12;-119.333;738.083;174.792;2213.06
7300;73;695.234;1105.97;1108.94;-296.477;739.291;177.177;2214.91
7400;74;704.426;1105.93;1107.08;-114.261;738.051;179.561;2213.01
7500;75;713.963;1105.92;1107.78;-186.206;73.852;181.946;2213.7
7600;76;723.165;1105.94;1107.23;-12.927;738.153;184.33;2213.17
7700;77;73.377;1105.93;1107.18;-125.375;738.123;186.714;2213.11
7800;78;743.603;1105.95;1108;-204.933;738.668;189.099;2213.96
7900;79;75.288;1105.93;1107.06;-112.786;73.804;191.483;2212.99
8000;80;762.603;1105.9;1108.45;-255.319;73.897;193.866;2214.36
8100;81;772.526;1105.94;1107.13;-119.557;738.087;196.25;2213.07
8200;82;782.637;1105.93;1107.29;-136.604;738.196;198.634;2213.22
8300;83;791.386;1105.94;1107.55;-160.552;738.366;201.017;2213.49
8400;84;800.084;1105.93;1107.07;-113.769;738.046;203.401;2213
8500;85;809.678;1105.93;1109.43;-349.825;739.618;205.784;2215.36
8600;86;819.202;1105.93;1107.07;-113.751;738.048;208.167;2213.01
8700;87;829.194;1105.92;1107.49;-156.976;738.329;210.551;2213.42
8800;88;837.884;1105.94;1107.31;-137.171;738.207;212.934;2213.25
8900;89;84.687;1105.93;1107.11;-117.543;738.071;215.316;2213.04
9000;90;856.986;1105.97;1108.61;-263.774;739.071;217.699;2214.57
9100;91;866.633;1105.93;1107.04;-110.791;738.027;220.082;2212.97
9200;92;876.538;1105.91;1107.88;-196.652;738.588;222.465;2213.8
9300;93;884.998;1105.94;1107.17;-123.535;738.114;224.847;2213.11
9400;94;894.563;1105.93;1107.18;-125.053;73.812;227.23;2213.11
9500;95;904.724;1105.95;1107.82;-187.512;73.855;229.612;2213.77
9600;96;91.437;1105.93;1107.04;-110.263;738.023;231.995;2212.97
9700;97;924.123;1105.9;1108.7;-28.077;739.136;234.377;2214.6
9800;98;932.509;1105.93;1107.09;-11.529;738.058;236.759;2213.02
9900;99;942.876;1105.93;1107.31;-138.427;738.208;239.141;2213.24
10000;100;952.723;1105.94;1107.45;-150.736;738.299;241.523;2213.39
10100;101;962.332;1105.93;1107.05;-112.186;738.036;243.905;2212.99
10200;102;971.825;1105.96;1109.36;-340.561;739.574;246.287;2215.32
10300;103;980.672;1105.93;1107.04;-110.544;738.026;248.669;2212.97
10400;104;991.511;1105.92;1107.55;-16.268;738.366;251.051;2213.47
10500;105;100.103;1105.94;1107.25;-13.081;738.164;253.432;2213.18
10600;106;101.064;1105.93;1107.1;-117.037;738.067;255.814;2213.03
10700;107;101.992;1105.96;1108.32;-236.034;738.882;258.196;2214.29
10800;108;102.981;1105.93;1107.02;-108.451;738.012;260.577;2212.95
10900;109;104.054;1105.91;1108.02;-211.037;738.681;262.959;2213.93
11000;110;104.898;1105.94;1107.13;-119.062;738.084;265.34;2213.06
11100;111;105.797;1105.93;1107.19;-125.994;738.126;267.721;2213.12
11200;112;106.674;1105.95;1107.68;-17.353;738.455;270.103;2213.63
11300;113;107.671;1105.93;1107.02;-108.726;738.013;272.484;2212.95
11400;114;108.684;1105.9;1108.99;-309.335;739.327;274.865;2214.89
11500;115;109.539;1105.93;1107.05;-112.029;738.037;277.246;2212.99
11600;116;110.46;1105.93;1107.34;-141.706;738.229;279.627;2213.27
11700;117;111.395;1105.94;1107.37;-14.273;738.245;282.008;2213.31
11800;118;112.408;1105.93;1107.05;-111.505;738.031;284.389;2212.98
11900;119;113.387;1105.97;1109.12;-314.726;739.412;286.77;2215.09
12000;120;114.246;1105.93;1107.02;-10.818;73.801;289.151;2212.95
12100;121;115.196;1105.92;1107.63;-170.571;738.417;291.531;2213.55
12200;122;116.173;1105.94;1107.19;-125.613;738.129;293.912;2213.13
12300;123;117.175;1105.93;1107.1;-117.414;73.807;296.293;2213.03
12400;124;118.112;1105.96;1108.09;-213.337;738.727;298.674;2214.05
12500;125;118.988;1105.93;1107;-106.847;738.001;301.054;2212.93
12600;126;120.005;1105.91;1108.2;-229.727;738.802;303.435;2214.11
12700;127;120.974;1105.94;1107.09;-115.448;73.806;305.815;2213.03
12800;128;121.964;1105.93;1107.21;-127.912;738.138;308.196;2213.14
12900;129;122.869;1105.94;1107.57;-162.102;738.377;310.576;2213.51
13000;130;123.776;1105.93;1107.01;-107.862;738.007;312.957;2212.94
13100;131;124.855;1105.91;1109.25;-334.086;73.95;315.337;2215.16
13200;132;125.799;1105.93;1107.03;-10.946;738.019;317.717;2212.96
13300;133;126.786;1105.93;1107.39;-146.302;738.259;320.097;2213.31
13400;134;127.675;1105.94;1107.3;-136.061;73.82;322.478;2213.24
13500;135;128.659;1105.93;1107.05;-111.476;738.031;324.858;2212.98
13600;136;129.746;1105.97;1108.8;-283.046;739.201;327.238;2214.77
13700;137;130.613;1105.93;1107;-106.407;737.998;329.618;2212.93
13800;138;131.535;1105.92;1107.73;-180.814;738.484;331.998;2213.64
13900;139;132.363;1105.94;1107.15;-121.274;73.81;334.378;2213.09
14000;140;133.371;1105.93;1107.11;-118.486;738.077;336.758;2213.04
14100;141;134.35;1105.95;1107.9;-194.911;738.601;339.138;2213.85
14200;142;135.246;1105.93;1106.99;-105.773;737.994;341.518;2212.92
14300;143;136.187;1105.9;1108.43;-253.162;738.955;343.898;2214.33
14400;144;137.059;1105.94;1107.06;-112.467;73.804;346.278;2212.99
14500;145;138.109;1105.93;1107.23;-130.694;738.157;348.658;2213.16
14600;146;139.046;1105.94;1107.47;-152.622;738.313;351.037;2213.41
14700;147;139.949;1105.93;1107.01;-107.503;738.005;353.417;2212.94
14800;148;140.894;1105.93;1109.37;-343.935;739.582;355.797;2215.31
14900;149;141.837;1105.93;1107.01;-107.403;738.005;358.177;2212.94
15000;150;142.874;1105.92;1107.45;-152.244;738.297;360.556;2213.37
15100;151;143.775;1105.94;1107.24;-130.426;738.162;362.936;2213.18
15200;152;144.687;1105.93;1107.05;-11.197;738.034;365.316;2212.98
15300;153;145.645;1105.97;1108.5;-253.092;738.999;367.695;2214.47
15400;154;146.641;1105.93;1106.98;-105.079;737.989;370.075;2212.92
15500;155;147.659;1105.91;1107.85;-193.801;738.568;372.454;2213.77
15600;156;148.533;1105.94;1107.11;-117.601;738.075;374.834;2213.05
15700;157;149.465;1105.93;1107.13;-120.169;738.087;377.213;2213.06
15800;158;150.467;1105.95;1107.75;-179.887;738.499;379.592;2213.7
15900;159;151.466;1105.93;1106.98;-105.113;737.989;381.972;2212.92
16000;160;152.472;1105.9;1108.71;-281.063;739.138;384.351;2214.6
16100;161;153.336;1105.93;1107.03;-10.998;738.023;386.731;2212.97
16200;162;154.316;1105.93;1107.27;-134.326;73.818;389.11;2213.2
16300;163;155.358;1105.94;1107.39;-144.664;738.259;391.489;2213.33
16400;164;156.301;1105.93;1107.01;-107.558;738.005;393.868;2212.94
16500;165;157.22;1105.96;1109.28;-332.471;739.522;396.248;2215.24
16600;166;158.038;1105.93;1106.99;-105.751;737.994;398.627;2212.93
16700;167;159.037;1105.92;1107.52;-159.684;738.346;401.006;2213.44
16800;168;159.993;1105.94;1107.19;-125.614;738.129;403.385;2213.13
16900;169;160.925;1105.93;1107.06;-11.292;73.804;405.764;2212.99
17000;170;161.837;1105.96;1108.24;-227.539;738.825;408.144;2214.2
17100;171;162.711;1105.93;1106.97;-10.411;737.983;410.523;2212.91
17200;172;163.779;1105.91;1108.01;-210.113;738.674;412.902;2213.92
17300;173;164.692;1105.94;1107.08;-114.465;738.054;415.281;2213.02
17400;174;165.626;1105.93;1107.15;-122.434;738.102;417.66;2213.08
17500;175;166.523;1105.95;1107.62;-167.526;738.414;420.039;2213.57
17600;176;167.471;1105.93;1106.98;-104.797;737.987;422.418;2212.91
17700;177;168.542;1105.9;1109;-310.672;739.337;424.797;2214.9
17800;178;169.422;1105.93;1107.01;-107.895;738.009;427.176;2212.95
17900;179;170.363;1105.93;1107.31;-138.857;73.821;429.555;2213.24
18000;180;171.26;1105.94;1107.32;-137.914;738.213;431.933;2213.26
18100;181;172.282;1105.93;1107.01;-107.974;738.007;434.312;2212.94
18200;182;173.305;1105.97;1109.03;-305.738;739.352;436.691;2215
18300;183;174.18;1105.93;1106.98;-104.433;737.985;439.07;2212.91
18400;184;175.135;1105.92;1107.61;-168.883;738.406;441.449;2213.53
18500;185;176.065;1105.94;1107.15;-121.475;738.101;443.828;2213.09
18600;186;177.112;1105.93;1107.07;-114.299;738.049;446.206;2213
18700;187;178.086;1105.96;1108.02;-206.523;738.681;448.585;2213.98
18800;188;178.979;1105.93;1106.97;-103.444;737.978;450.964;2212.9
18900;189;179.967;1105.9;1108.21;-230.443;738.806;453.343;2214.11
19000;190;180.956;1105.94;1107.05;-111.775;738.035;455.721;2212.99
19100;191;181.975;1105.93;1107.18;-125.293;738.121;458.1;2213.11
19200;192;182.841;1105.94;1107.52;-157.252;738.344;460.479;2213.46
19300;193;183.697;1105.93;1106.98;-104.783;737.987;462.857;2212.91
19400;194;184.676;1105.91;1109.26;-334.333;739.504;465.236;2215.17
19500;195;185.624;1105.93;1107;-106.148;737.997;467.614;2212.93
19600;196;186.588;1105.92;1107.37;-144.395;738.246;469.993;2213.29
19700;197;187.458;1105.94;1107.26;-132.142;738.174;472.372;2213.2
19800;198;188.359;1105.93;1107.02;-108.725;738.012;474.75;2212.95
19900;199;189.391;1105.97;1108.72;-27.464;739.145;477.129;2214.69
20000;200;190.326;1105.93;1106.97;-103.401;737.978;479.507;2212.9
20100;201;191.287;1105.92;1107.72;-180.225;73.848;481.886;2213.64
20200;202;192.145;1105.94;1107.12;-117.896;738.077;484.264;2213.05
20300;203;193.097;1105.93;1107.09;-116.103;738.061;486.643;2213.02
20400;204;194.138;1105.95;1107.85;-189.375;738.564;489.021;2213.8
20500;205;195.057;1105.93;1106.96;-103.045;737.975;491.399;2212.9
20600;206;196.021;1105.9;1108.45;-255.325;738.969;493.778;2214.35
20700;207;196.878;1105.94;1107.03;-109.464;73.802;496.156;2212.96
20800;208;197.903;1105.93;1107.22;-128.789;738.144;498.535;2213.14
20900;209;198.898;1105.94;1107.43;-148.625;738.286;500.913;2213.37
21000;210;199.813;1105.93;1106.98;-105.046;737.988;503.291;2212.91
21100;211;200.778;1105.94;1109.35;-341.021;739.566;505.67;2215.29
21200;212;201.665;1105.93;1106.98;-104.694;737.987;508.048;2212.92
21300;213;202.743;1105.92;1107.43;-151.105;73.829;510.426;2213.36
21400;214;203.683;1105.94;1107.21;-127.173;73.814;512.805;2213.15
21500;215;204.609;1105.93;1107.03;-1.098;738.019;515.183;2212.96
21600;216;205.573;1105.97;1108.42;-245.872;73.895;517.561;2214.39
21700;217;206.54;1105.93;1106.96;-102.622;737.973;519.939;2212.89
21800;218;207.629;1105.91;1107.86;-194.232;738.571;522.318;2213.77
21900;219;208.462;1105.94;1107.08;-114.791;738.056;524.696;2213.02
22000;220;209.345;1105.93;1107.11;-118.346;738.075;527.074;2213.04
22100;221;210.261;1105.95;1107.7;-175.326;738.468;529.452;2213.65
22200;222;211.241;1105.93;1106.96;-102.891;737.974;531.83;2212.89
22300;223;212.239;1105.9;1108.74;-284.282;739.159;534.209;2214.63
22400;224;213.075;1105.93;1107.01;-107.481;738.006;536.587;2212.94
22500;225;214;1105.93;1107.26;-132.995;738.171;538.965;2213.18
22600;226;214.956;1105.94;1107.35;-141.316;738.236;541.343;2213.29
22700;227;215.951;1105.93;1106.99;-105.573;737.992;543.721;2212.92
22800;228;216.92;1105.96;1109.23;-326.453;739.485;546.099;2215.19
22900;229;217.762;1105.93;1106.97;-103.499;737.979;548.477;2212.9
23000;230;218.727;1105.92;1107.51;-159.224;738.343;550.855;2213.44
23100;231;219.718;1105.94;1107.17;-122.872;738.111;553.233;2213.1
23200;232;220.684;1105.93;1107.04;-111.203;738.028;555.612;2212.97
23300;233;221.622;1105.96;1108.18;-221.531;738.784;557.99;2214.14
23400;234;222.492;1105.93;1106.95;-102.073;737.969;560.368;2212.89
23500;235;223.514;1105.91;1108.02;-21.157;738.683;562.746;2213.93
23600;236;224.492;1105.94;1107.06;-112.092;738.038;565.124;2212.99
23700;237;225.44;1105.93;1107.14;-121.062;738.093;567.502;2213.07
23800;238;226.359;1105.95;1107.58;-163.718;738.389;569.88;2213.53
23900;239;227.27;1105.93;1106.96;-102.967;737.975;572.258;2212.89
24000;240;228.356;1105.9;1109.04;-313.883;739.359;574.635;2214.94
24100;241;229.281;1105.93;1106.99;-105.786;737.995;577.013;2212.93
24200;242;230.233;1105.93;1107.31;-138.018;738.204;579.391;2213.23
24300;243;231.148;1105.94;1107.29;-135.073;738.194;581.769;2213.23
24400;244;232.123;1105.93;1107;-106.362;737.997;584.147;2212.93
24500;245;233.227;1105.97;1108.96;-298.497;739.305;586.525;2214.93
24600;246;234.082;1105.93;1106.96;-102.537;737.973;588.903;2212.89
24700;247;234.987;1105.92;1107.61;-169.074;738.407;591.281;2213.53
24800;248;235.852;1105.94;1107.13;-119.134;738.085;593.659;2213.07
24900;249;236.843;1105.93;1107.06;-112.947;73.804;596.037;2212.99
25000;250;237.832;1105.96;1107.97;-201.551;738.647;598.414;2213.93
25100;251;238.688;1105.93;1106.95;-101.739;737.967;600.792;2212.88
25200;252;239.637;1105.9;1108.23;-232.969;738.822;603.17;2214.14
25300;253;240.531;1105.94;1107.03;-109.748;738.022;605.548;2212.97
25400;254;241.568;1105.93;1107.17;-1.243;738.114;607.926;2213.1
25500;255;242.499;1105.94;1107.48;-154.034;738.323;610.303;2213.43
25600;256;243.374;1105.93;1106.96;-103.266;737.976;612.681;2212.9
25700;257;244.351;1105.92;1109.27;-335.542;739.515;615.059;2215.19
25800;258;245.288;1105.93;1106.98;-10.435;737.985;617.437;2212.91
25900;259;246.308;1105.92;1107.36;-144.004;738.243;619.814;2213.29
26000;260;247.202;1105.94;1107.24;-129.704;738.157;622.192;2213.17
26100;261;248.103;1105.93;1107.01;-107.416;738.004;624.57;2212.94
26200;262;249.099;1105.97;1108.65;-267.729;739.099;626.948;2214.62
26300;263;250.08;1105.93;1106.95;-10.179;737.968;629.325;2212.88
26400;264;251.066;1105.92;1107.73;-181.086;738.485;631.703;2213.64
26500;265;251.94;1105.94;1107.1;-115.877;738.063;634.081;2213.03
26600;266;252.876;1105.93;1107.08;-115.056;738.054;636.458;2213.01
26700;267;253.9;1105.95;1107.8;-18.524;738.536;638.836;2213.75
26800;268;254.877;1105.93;1106.95;-101.608;737.966;641.214;2212.88
26900;269;255.857;1105.9;1108.49;-25.889;738.992;643.591;2214.39
27000;270;256.728;1105.93;1107.01;-107.716;738.008;645.969;2212.95
27100;271;257.714;1105.93;1107.21;-128.132;738.139;648.347;2213.14
27200;272;258.771;1105.94;1107.4;-145.876;738.267;650.724;2213.34
27300;273;259.706;1105.93;1106.97;-103.785;73.798;653.102;2212.9
27400;274;260.618;1105.94;1109.33;-338.552;739.553;655.479;2215.27
27500;275;261.447;1105.93;1106.97;-103.147;737.977;657.857;2212.9
27600;276;262.44;1105.92;1107.43;-151.148;73.829;660.235;2213.36
27700;277;263.412;1105.94;1107.19;-125.062;738.126;662.612;2213.13
27800;278;264.3;1105.93;1107.02;-108.745;738.012;664.99;2212.95
27900;279;265.233;1105.97;1108.36;-239.887;738.909;667.367;2214.33
28000;280;266.116;1105.93;1106.95;-101.245;737.964;669.745;2212.88
28100;281;267.176;1105.91;1107.87;-195.828;738.581;672.123;2213.78
28200;282;268.083;1105.94;1107.07;-113.035;738.044;674.5;2213
28300;283;268.985;1105.93;1107.1;-117.565;73.807;676.878;2213.03
28400;284;269.918;1105.95;1107.67;-171.855;738.444;679.255;2213.61
28500;285;270.859;1105.93;1106.95;-101.675;737.966;681.633;2212.88
28600;286;271.931;1105.9;1108.78;-288.521;739.187;684.01;2214.68
28700;287;272.787;1105.93;1106.99;-105.962;737.996;686.388;2212.93
28800;288;273.712;1105.93;1107.25;-132.648;738.169;688.765;2213.18
28900;289;274.653;1105.94;1107.33;-138.946;73.822;691.143;2213.27
29000;290;275.656;1105.93;1106.98;-104.529;737.985;693.52;2212.91
29100;291;276.678;1105.97;1109.17;-320.917;73.945;695.898;2215.14
29200;292;277.525;1105.93;1106.96;-10.216;73.797;698.275;2212.89
29300;293;278.483;1105.92;1107.52;-159.714;738.346;700.652;2213.44
29400;294;279.443;1105.94;1107.15;-12.103;738.098;703.03;2213.09
29500;295;280.472;1105.93;1107.03;-110.367;738.023;705.407;2212.96
29600;296;281.437;1105.96;1108.12;-216.522;73.875;707.785;2214.08
29700;297;282.309;1105.93;1106.94;-100.891;737.961;710.162;2212.87
29800;298;283.315;1105.91;1108.05;-213.996;738.699;712.54;2213.96
29900;299;284.31;1105.94;1107.04;-110.556;738.027;714.917;2212.98
30000;300;285.325;1105.93;1107.13;-120.521;738.089;717.294;2213.06
30100;301;286.194;1105.95;1107.55;-160.775;738.369;719.672;2213.5
30200;302;287.044;1105.93;1106.95;-101.938;737.968;722.049;2212.88
30300;303;288.046;1105.9;1109.08;-31.763;739.385;724.427;2214.98
30400;304;288.993;1105.93;1106.98;-104.458;737.986;726.804;2212.91
30500;305;289.916;1105.93;1107.31;-137.974;738.204;729.181;2213.23
30600;306;290.799;1105.94;1107.27;-133.012;73.818;731.559;2213.21
30700;307;291.706;1105.93;1106.99;-105.503;737.991;733.936;2212.92
30800;308;292.754;1105.97;1108.89;-291.916;739.261;736.313;2214.86
30900;309;293.672;1105.93;1106.95;-101.373;737.965;738.691;2212.88
31000;310;294.6;1105.92;1107.62;-17.005;738.413;741.068;2213.54
31100;311;295.484;1105.94;1107.11;-117.516;738.075;743.445;2213.05
31200;312;296.44;1105.93;1107.05;-112.305;738.035;745.823;2212.98
31300;313;297.498;1105.95;1107.93;-197.388;738.619;748.2;2213.88
31400;314;298.377;1105.93;1106.94;-100.721;73.796;750.577;2212.87
31500;315;299.327;1105.9;1108.27;-236.317;738.844;752.955;2214.17
31600;316;300.217;1105.94;1107.02;-108.395;738.013;755.332;2212.95
31700;317;301.228;1105.93;1107.17;-123.984;738.112;757.709;2213.1
31800;318;302.239;1105.94;1107.46;-151.514;738.306;760.086;2213.4
31900;319;303.113;1105.93;1106.96;-102.397;737.971;762.464;2212.89
32000;320;304.092;1105.92;1109.29;-336.756;739.526;764.841;2215.21
32100;321;305;1105.93;1106.97;-103.184;737.977;767.218;2212.9
32200;322;306.06;1105.92;1107.37;-144.269;738.245;769.595;2213.29
32300;323;306.997;1105.94;1107.22;-1.279;738.145;771.973;2213.16
32400;324;307.894;1105.93;1107;-10.672;737.999;774.35;2212.93
32500;325;308.893;1105.97;1108.58;-26.152;739.057;776.727;2214.55
32600;326;309.853;1105.93;1106.94;-100.776;737.961;779.104;2212.87
32700;327;310.926;1105.92;1107.74;-182.619;738.495;781.482;2213.66
32800;328;311.776;1105.94;1107.08;-114.448;738.054;783.859;2213.02
32900;329;312.645;1105.93;1107.08;-114.593;73.805;786.236;2213.01
33000;330;313.605;1105.95;1107.77;-181.762;738.512;788.613;2213.72
33100;331;314.564;1105.93;1106.94;-100.733;73.796;790.99;2212.87
33200;332;315.541;1105.9;1108.53;-263.134;739.019;793.368;2214.43
33300;333;316.373;1105.93;1107;-10.652;73.8;795.745;2212.94
33400;334;317.301;1105.93;1107.21;-128.034;738.138;798.122;2213.14
33500;335;318.288;1105.94;1107.38;-143.699;738.252;800.499;2213.32
33600;336;319.263;1105.93;1106.96;-103.058;737.975;802.876;2212.89
33700;337;320.214;1105.95;1109.31;-3.359;739.538;805.253;2215.26
33800;338;321.056;1105.93;1106.96;-102.121;73.797;807.631;2212.89
33900;339;322.031;1105.92;1107.44;-151.745;738.294;810.008;2213.36
34000;340;323.035;1105.94;1107.17;-123.473;738.115;812.385;2213.11
34100;341;323.972;1105.93;1107.01;-108.197;738.009;814.762;2212.94
34200;342;324.912;1105.96;1108.31;-234.543;738.873;817.139;2214.27
34300;343;325.787;1105.93;1106.94;-10.036;737.958;819.516;2212.87
34400;344;326.812;1105.91;1107.89;-198.015;738.595;821.893;2213.8
34500;345;327.802;1105.94;1107.05;-111.768;738.036;824.271;2212.99
34600;346;328.707;1105.93;1107.1;-11.727;738.068;826.648;2213.03
34700;347;329.645;1105.95;1107.64;-168.924;738.424;829.025;2213.58
34800;348;330.565;1105.93;1106.94;-100.926;737.961;831.402;2212.87
34900;349;331.643;1105.9;1108.83;-293.215;739.219;833.779;2214.72
35000;350;332.567;1105.93;1106.98;-104.901;737.989;836.156;2212.92
35100;351;333.485;1105.93;1107.25;-132.774;738.169;838.533;2213.18
35200;352;334.434;1105.94;1107.31;-137.049;738.207;840.91;2213.25
35300;353;335.407;1105.93;1106.97;-103.928;737.981;843.287;2212.9
35400;354;336.514;1105.97;1109.12;-315.448;739.415;845.664;2215.09
35500;355;337.369;1105.93;1106.95;-101.255;737.964;848.041;2212.88
35600;356;338.254;1105.92;1107.53;-160.684;738.352;850.418;2213.45
35700;357;339.159;1105.94;1107.13;-119.623;738.089;852.796;2213.07
35800;358;340.131;1105.93;1107.03;-109.956;73.802;855.173;2212.96
35900;359;341.131;1105.96;1108.08;-212.062;738.719;857.55;2214.04
36000;360;341.954;1105.93;1106.93;-10.012;737.956;859.927;2212.87
36100;361;342.906;1105.91;1108.08;-216.958;738.718;862.304;2213.98
36200;362;343.835;1105.94;1107.03;-109.427;73.802;864.681;2212.97
36300;363;344.848;1105.93;1107.13;-12.039;738.088;867.058;2213.06
36400;364;345.777;1105.94;1107.53;-15.828;738.352;869.435;2213.47
36500;365;346.634;1105.93;1106.95;-1.013;737.963;871.812;2212.88
36600;366;347.632;1105.9;1109.12;-321.443;739.412;874.189;2215.02
36700;367;348.577;1105.93;1106.97;-103.516;73.798;876.566;2212.9
36800;368;349.576;1105.93;1107.31;-138.335;738.206;878.943;2213.23
36900;369;350.466;1105.94;1107.25;-131.349;738.169;881.32;2213.19
37000;370;351.362;1105.93;1106.98;-105.019;737.988;883.697;2212.91
37100;371;352.391;1105.97;1108.83;-285.669;739.219;886.074;2214.8
37200;372;353.356;1105.93;1106.94;-100.576;73.796;888.451;2212.87
37300;373;354.312;1105.92;1107.63;-171.455;738.422;890.828;2213.55
37400;374;355.198;1105.94;1107.1;-116.265;738.066;893.205;2213.04
37500;375;356.137;1105.93;1107.05;-112.024;738.034;895.582;2212.98
37600;376;357.184;1105.95;1107.89;-193.683;738.594;897.959;2213.84
37700;377;358.143;1105.93;1106.93;-100.052;737.956;900.336;2212.87
37800;378;359.089;1105.9;1108.3;-240.154;738.869;902.713;2214.21
37900;379;359.983;1105.94;1107.01;-107.388;738.006;905.089;2212.94
38000;380;360.973;1105.93;1107.17;-124.019;738.112;907.466;2213.1
38100;381;362.036;1105.94;1107.44;-14.937;738.291;909.843;2213.38
38200;382;362.966;1105.93;1106.95;-101.862;737.967;912.22;2212.88
38300;383;363.873;1105.93;1109.3;-337.617;739.535;914.597;2215.23
38400;384;364.724;1105.93;1106.96;-102.346;737.972;916.974;2212.89
38500;385;365.709;1105.92;1107.37;-144.889;738.249;919.351;2213.3
38600;386;366.694;1105.94;1107.2;-126.433;738.135;921.728;2213.14
38700;387;367.542;1105.93;1106.99;-106.344;737.996;924.105;2212.93
38800;388;368.495;1105.97;1108.53;-25.574;739.017;926.482;2214.49
38900;389;369.393;1105.93;1106.93;-100.074;737.956;928.859;2212.87
39000;390;370.429;1105.92;1107.76;-184.545;738.507;931.236;2213.68
39100;391;371.345;1105.94;1107.07;-113.332;738.046;933.613;2213.01
39200;392;372.218;1105.93;1107.07;-114.439;738.049;935.989;2213
39300;393;373.188;1105.95;1107.74;-178.668;738.491;938.366;2213.69
39400;394;374.128;1105.93;1106.93;-100.156;737.956;940.743;2212.87
39500;395;375.184;1105.9;1108.58;-267.783;73.905;943.12;2214.47
39600;396;376.031;1105.93;1106.99;-10.562;737.994;945.497;2212.93
39700;397;376.945;1105.93;1107.21;-128.243;73.814;947.874;2213.14
39800;398;377.928;1105.94;1107.36;-14.184;73.824;950.251;2213.3
39900;399;378.907;1105.93;1106.96;-102.617;737.972;952.628;2212.89
40000;400;379.927;1105.95;1109.28;-332.862;739.521;955.004;2215.23
40100;401;380.759;1105.93;1106.95;-101.376;737.965;957.381;2212.88
40200;402;381.719;1105.92;1107.45;-152.661;738.299;959.758;2213.37
40300;403;382.713;1105.94;1107.16;-122.172;738.106;962.135;2213.1
40400;404;383.714;1105.93;1107.01;-107.925;738.007;964.512;2212.94
40500;405;384.673;1105.96;1108.26;-229.611;738.839;966.889;2214.22
40600;406;385.54;1105.93;1106.93;-0.997436;737.954;969.265;2212.86
40700;407;386.553;1105.91;1107.92;-200.576;738.611;971.642;2213.83
40800;408;387.559;1105.94;1107.04;-110.769;738.029;974.019;2212.98
40900;409;388.549;1105.93;1107.1;-117.244;738.068;976.396;2213.03
41000;410;389.444;1105.95;1107.61;-166.316;738.407;978.773;2213.56
41100;411;390.296;1105.93;1106.94;-100.433;737.958;981.15;2212.87
41200;412;391.305;1105.9;1108.88;-298.114;739.252;983.526;2214.77
41300;413;392.251;1105.93;1106.98;-104.095;737.984;985.903;2212.91
41400;414;393.142;1105.93;1107.26;-13.317;738.172;988.28;2213.18
41500;415;394.045;1105.94;1107.29;-135.426;738.196;990.657;2213.23
41600;416;394.959;1105.93;1106.97;-103.575;737.978;993.034;2212.9
41700;417;396.011;1105.97;1109.07;-309.924;739.379;995.41;2215.04
41800;418;396.922;1105.93;1106.94;-100.593;73.796;997.787;2212.87
41900;419;397.814;1105.92;1107.54;-161.947;73.836;1000.16;2213.46
42000;420;398.734;1105.94;1107.12;-118.464;738.081;1002.54;2213.06
42100;421;399.691;1105.93;1107.03;-109.785;738.019;1004.92;2212.96
42200;422;400.748;1105.96;1108.04;-207.962;738.691;1007.29;2213.99
42300;423;401.607;1105.93;1106.93;-0.995817;737.953;1009.67;2212.86
42400;424;402.541;1105.91;1108.11;-220.283;73.874;1012.05;2214.02
42500;425;403.471;1105.94;1107.02;-108.531;738.014;1014.42;2212.96
42600;426;404.466;1105.93;1107.13;-120.496;738.089;1016.8;2213.06
42700;427;405.488;1105.94;1107.51;-15.606;738.337;1019.18;2213.45
42800;428;406.329;1105.93;1106.94;-100.886;737.961;1021.55;2212.87
42900;429;407.316;1105.91;1109.16;-325.083;739.438;1023.93;2215.06
43000;430;408.253;1105.93;1106.96;-102.795;737.975;1026.31;2212.9
43100;431;409.28;1105.93;1107.31;-13.894;73.821;1028.69;2213.24
43200;432;410.228;1105.94;1107.24;-129.922;738.159;1031.06;2213.18
43300;433;411.104;1105.93;1106.98;-10.475;737.986;1033.44;2212.91
43400;434;412.131;1105.97;1108.77;-279.639;739.179;1035.82;2214.74
43500;435;413.092;1105.93;1106.93;-0.999886;737.956;1038.19;2212.87
43600;436;414.136;1105.92;1107.65;-173.138;738.433;1040.57;2213.57
43700;437;415.016;1105.94;1107.09;-115.229;738.059;1042.95;2213.03
43800;438;415.876;1105.93;1107.05;-111.955;738.033;1045.32;2212.98
43900;439;416.868;1105.95;1107.86;-190.285;738.571;1047.7;2213.81
44000;440;417.803;1105.93;1106.93;-0.995862;737.952;1050.08;2212.86
44100;441;418.761;1105.9;1108.34;-244.333;738.896;1052.45;2214.25
44200;442;419.602;1105.94;1107;-106.584;738.001;1054.83;2212.94
44300;443;420.534;1105.93;1107.17;-124.266;738.114;1057.21;2213.1
44400;444;421.546;1105.94;1107.42;-147.461;738.278;1059.58;2213.36
44500;445;422.495;1105.93;1106.95;-101.522;737.965;1061.96;2212.88
44600;446;423.427;1105.93;1109.31;-337.952;73.954;1064.34;2215.24
44700;447;424.287;1105.93;1106.95;-101.701;737.967;1066.71;2212.89
44800;448;425.265;1105.92;1107.38;-145.733;738.254;1069.09;2213.31
44900;449;426.277;1105.94;1107.19;-12.517;738.127;1071.47;2213.13
45000;450;427.193;1105.93;1106.99;-106.159;737.995;1073.84;2212.92
45100;451;428.13;1105.97;1108.47;-250.271;73.898;1076.22;2214.44
45200;452;429.022;1105.93;1106.93;-0.995558;737.953;1078.6;2212.86
45300;453;430.041;1105.91;1107.78;-186.744;738.521;1080.97;2213.7
45400;454;431.034;1105.94;1107.06;-112.404;73.804;1083.35;2213
45500;455;431.909;1105.93;1107.07;-114.473;73.805;1085.73;2213
45600;456;432.871;1105.95;1107.71;-175.834;738.472;1088.1;2213.66
45700;457;433.802;1105.93;1106.93;-0.997576;737.953;1090.48;2212.86
45800;458;434.858;1105.9;1108.62;-272.702;739.082;1092.86;2214.52
45900;459;435.792;1105.93;1106.98;-104.897;737.989;1095.23;2212.92
46000;460;436.678;1105.93;1107.21;-128.643;738.142;1097.61;2213.14
46100;461;437.664;1105.94;1107.34;-140.185;738.229;1099.99;2213.28
46200;462;438.636;1105.93;1106.96;-102.348;73.797;1102.36;2212.89
46300;463;439.72;1105.96;1109.25;-329.378;73.95;1104.74;2215.21
46400;464;440.595;1105.93;1106.94;-1.008;737.961;1107.12;2212.88
46500;465;441.468;1105.92;1107.46;-153.788;738.307;1109.49;2213.38
46600;466;442.413;1105.94;1107.15;-121.049;738.099;1111.87;2213.09
46700;467;443.363;1105.93;1107.01;-107.821;738.006;1114.25;2212.94
46800;468;444.364;1105.96;1108.21;-224.985;738.808;1116.62;2214.17
46900;469;445.168;1105.93;1106.93;-0.992898;737.951;1119;2212.86
47000;470;446.122;1105.91;1107.94;-203.413;73.863;1121.38;2213.86
47100;471;447.085;1105.94;1107.04;-109.935;738.023;1123.75;2212.97
47200;472;448.061;1105.93;1107.1;-117.386;738.069;1126.13;2213.03
47300;473;448.999;1105.95;1107.59;-163.929;738.391;1128.51;2213.53
47400;474;449.847;1105.93;1106.93;-100.098;737.956;1130.88;2212.87
47500;475;450.857;1105.9;1108.93;-303.072;739.285;1133.26;2214.83
47600;476;451.815;1105.93;1106.97;-103.446;737.979;1135.64;2212.9
47700;477;452.784;1105.93;1107.26;-133.742;738.176;1138.01;2213.19
47800;478;453.679;1105.94;1107.28;-133.979;738.187;1140.39;2213.22
47900;479;454.58;1105.93;1106.97;-103.375;737.977;1142.77;2212.9
48000;480;455.627;1105.97;1109.01;-304.319;739.342;1145.14;2214.98
48100;481;456.575;1105.93;1106.93;-10.008;737.956;1147.52;2212.87
48200;482;457.507;1105.92;1107.55;-163.415;738.369;1149.89;2213.47
48300;483;458.412;1105.94;1107.11;-117.463;738.074;1152.27;2213.05
48400;484;459.358;1105.93;1107.03;-109.765;738.019;1154.65;2212.96
48500;485;460.416;1105.96;1108;-204.131;738.665;1157.02;2213.95
48600;486;461.354;1105.93;1106.92;-0.991877;73.795;1159.4;2212.86
48700;487;462.27;1105.91;1108.14;-223.888;738.763;1161.78;2214.05
48800;488;463.201;1105.94;1107.01;-107.782;738.009;1164.15;2212.95
48900;489;464.189;1105.93;1107.14;-120.755;738.091;1166.53;2213.06
49000;490;465.25;1105.94;1107.48;-154.028;738.323;1168.91;2213.43
49100;491;466.162;1105.93;1106.94;-100.613;737.959;1171.28;2212.87
49200;492;467.081;1105.91;1109.19;-328.394;739.463;1173.66;2215.1
49300;493;467.965;1105.93;1106.96;-102.212;737.971;1176.04;2212.89
49400;494;468.934;1105.92;1107.32;-139.709;738.215;1178.41;2213.25
49500;495;469.918;1105.94;1107.23;-128.649;73.815;1180.79;2213.16
49600;496;470.743;1105.93;1106.98;-104.619;737.985;1183.17;2212.91
49700;497;471.715;1105.97;1108.71;-273.783;73.914;1185.54;2214.68
49800;498;472.632;1105.93;1106.93;-0.995351;737.953;1187.92;2212.86
49900;499;473.635;1105.92;1107.67;-175.025;738.445;1190.3;2213.58
50000;500;474.566;1105.94;1107.08;-114.333;738.053;1192.67;2213.02
50100;501;475.415;1105.93;1107.05;-112.021;738.033;1195.05;2212.98
50200;502;476.419;1105.95;1107.82;-187.116;738.549;1197.43;2213.78
50300;503;477.36;1105.93;1106.93;-0.992489;73.795;1199.8;2212.86
50400;504;478.377;1105.9;1108.39;-248.781;738.925;1202.18;2214.29
50500;505;479.237;1105.94;1106.99;-10.591;737.996;1204.56;2212.93
50600;506;480.146;1105.93;1107.17;-124.653;738.116;1206.93;2213.1
50700;507;481.164;1105.94;1107.4;-145.715;738.266;1209.31;2213.34
50800;508;482.122;1105.93;1106.95;-101.307;737.963;1211.69;2212.88
50900;509;483.125;1105.94;1109.31;-337.673;739.542;1214.06;2215.25
51000;510;483.96;1105.93;1106.95;-101.179;737.964;1216.44;2212.88
51100;511;484.924;1105.92;1107.39;-146.735;738.261;1218.81;2213.31
51200;512;485.945;1105.94;1107.18;-124.044;738.119;1221.19;2213.12
51300;513;486.909;1105.93;1106.99;-106.096;737.995;1223.57;2212.92
51400;514;487.867;1105.97;1108.42;-245.055;738.945;1225.94;2214.38
51500;515;488.743;1105.93;1106.92;-0.991573;73.795;1228.32;2212.86
51600;516;489.757;1105.91;1107.81;-189.154;738.537;1230.7;2213.72
51700;517;490.774;1105.94;1107.05;-111.599;738.035;1233.07;2212.99
51800;518;491.733;1105.93;1107.08;-114.631;738.051;1235.45;2213.01
51900;519;492.66;1105.95;1107.68;-173.192;738.454;1237.83;2213.63
52000;520;493.523;1105.93;1106.93;-0.994745;737.952;1240.2;2212.86
52100;521;494.525;1105.9;1108.67;-277.808;739.116;1242.58;2214.57
52200;522;495.466;1105.93;1106.98;-10.429;737.985;1244.96;2212.91
52300;523;496.335;1105.93;1107.22;-129.174;738.146;1247.33;2213.15
52400;524;497.26;1105.94;1107.33;-138.671;738.218;1249.71;2213.27
52500;525;498.185;1105.93;1106.95;-102.192;737.969;1252.09;2212.89
52600;526;499.227;1105.96;1109.22;-325.451;739.477;1254.46;2215.18
52700;527;500.131;1105.93;1106.94;-100.335;737.958;1256.84;2212.87
52800;528;500.996;1105.92;1107.47;-15.507;738.315;1259.22;2213.39
52900;529;501.957;1105.94;1107.14;-120.048;738.092;1261.59;2213.08
53000;530;502.913;1105.93;1107.01;-10.783;738.006;1263.97;2212.94
53100;531;503.954;1105.96;1108.17;-220.606;738.778;1266.34;2214.13
53200;532;504.808;1105.93;1106.92;-0.989432;737.948;1268.72;2212.86
53300;533;505.725;1105.91;1107.97;-206.474;73.865;1271.1;2213.88
53400;534;506.7;1105.94;1107.03;-109.213;738.019;1273.47;2212.96
53500;535;507.675;1105.93;1107.11;-117.643;73.807;1275.85;2213.03
53600;536;508.689;1105.95;1107.56;-161.705;738.375;1278.23;2213.51
53700;537;509.517;1105.93;1106.93;-0.998676;737.954;1280.6;2212.86
53800;538;510.509;1105.9;1108.98;-307.979;739.319;1282.98;2214.88
53900;539;511.479;1105.93;1106.96;-102.901;737.976;1285.36;2212.9
54000;540;512.468;1105.93;1107.27;-134.438;73.818;1287.73;2213.2
54100;541;513.428;1105.94;1107.27;-132.657;738.178;1290.11;2213.21
54200;542;514.291;1105.93;1106.96;-103.278;737.976;1292.49;2212.9
54300;543;515.339;1105.97;1108.96;-298.646;739.305;1294.86;2214.93
54400;544;516.305;1105.93;1106.93;-0.996682;737.954;1297.24;2212.86
54500;545;517.303;1105.92;1107.57;-16.504;73.838;1299.62;2213.49
54600;546;518.224;1105.94;1107.1;-116.569;738.068;1301.99;2213.04
54700;547;519.088;1105.93;1107.03;-109.848;738.019;1304.37;2212.96
54800;548;520.101;1105.96;1107.96;-200.517;738.641;1306.74;2213.92
54900;549;521.016;1105.93;1106.92;-0.988907;737.948;1309.12;2212.85
55000;550;521.946;1105.9;1108.18;-227.729;738.788;1311.5;2214.09
55100;551;522.805;1105.94;1107.01;-107.132;738.004;1313.87;2212.94
55200;552;523.745;1105.93;1107.14;-121.121;738.093;1316.25;2213.07
55300;553;524.773;1105.94;1107.47;-152.137;73.831;1318.63;2213.41
55400;554;525.689;1105.93;1106.94;-100.433;737.958;1321;2212.87
55500;555;526.604;1105.91;1109.23;-331.262;739.484;1323.38;2215.14
55600;556;527.497;1105.93;1106.95;-101.724;737.968;1325.76;2212.89
55700;557;528.474;1105.92;1107.33;-1.406;738.221;1328.13;2213.26
55800;558;529.49;1105.94;1107.21;-127.486;738.143;1330.51;2213.15
55900;559;530.384;1105.93;1106.98;-104.582;737.985;1332.88;2212.91
56000;560;531.315;1105.97;1108.65;-268.083;739.101;1335.26;2214.62
56100;561;532.238;1105.93;1106.93;-0.991721;73.795;1337.64;2212.86
56200;562;533.242;1105.92;1107.69;-177.078;738.458;1340.01;2213.6
56300;563;534.229;1105.94;1107.07;-113.534;738.048;1342.39;2213.01
56400;564;535.089;1105.93;1107.05;-112.183;738.034;1344.77;2212.98
56500;565;536.069;1105.95;1107.79;-184.129;738.529;1347.14;2213.74
56600;566;537.018;1105.93;1106.92;-0.989995;737.948;1349.52;2212.86
56700;567;538.042;1105.9;1108.43;-25.345;738.956;1351.9;2214.33
56800;568;538.983;1105.94;1106.99;-105.325;737.992;1354.27;2212.92
56900;569;539.848;1105.93;1107.18;-125.141;738.119;1356.65;2213.11
57000;570;540.872;1105.94;1107.38;-14.409;738.255;1359.03;2213.33
57100;571;541.842;1105.93;1106.94;-101.179;737.962;1361.4;2212.88
57200;572;542.888;1105.94;1109.31;-33.674;739.539;1363.78;2215.25
57300;573;543.775;1105.93;1106.94;-100.744;737.961;1366.15;2212.88
57400;574;544.662;1105.92;1107.4;-147.858;738.268;1368.53;2213.33
57500;575;545.643;1105.94;1107.17;-123.016;738.112;1370.91;2213.11
57600;576;546.571;1105.93;1106.99;-106.121;737.995;1373.28;2212.92
57700;577;547.552;1105.97;1108.37;-240.061;738.911;1375.66;2214.33
57800;578;548.357;1105.93;1106.92;-0.988411;737.948;1378.04;2212.85
57900;579;549.316;1105.91;1107.83;-191.744;738.554;1380.41;2213.74
58000;580;550.309;1105.94;1107.04;-110.883;73.803;1382.79;2212.98
58100;581;551.247;1105.93;1107.08;-114.878;738.052;1385.17;2213.01
58200;582;552.191;1105.95;1107.66;-170.704;738.437;1387.54;2213.6
58300;583;553.04;1105.93;1106.93;-0.992716;73.795;1389.92;2212.86
58400;584;554.054;1105.9;1108.73;-28.304;739.151;1392.29;2214.62
58500;585;555.027;1105.93;1106.97;-103.765;737.982;1394.67;2212.91
58600;586;555.956;1105.93;1107.22;-129.803;73.815;1397.05;2213.15
58700;587;556.864;1105.94;1107.31;-137.264;738.209;1399.42;2213.25
58800;588;557.78;1105.93;1106.95;-102.115;737.969;1401.8;2212.88
58900;589;558.828;1105.96;1109.17;-321.118;73.945;1404.18;2215.14
59000;590;559.769;1105.93;1106.93;-0.999475;737.956;1406.55;2212.87
59100;591;560.676;1105.92;1107.49;-156.475;738.324;1408.93;2213.41
59200;592;561.601;1105.94;1107.13;-119.135;738.086;1411.31;2213.07
59300;593;562.56;1105.93;1107.01;-107.919;738.006;1413.68;2212.94
59400;594;563.615;1105.96;1108.12;-21.644;73.875;1416.06;2214.08
59500;595;564.531;1105.93;1106.92;-0.986717;737.947;1418.43;2212.85
59600;596;565.425;1105.91;1108.01;-209.731;738.671;1420.81;2213.91
59700;597;566.397;1105.94;1107.02;-108.569;738.014;1423.19;2212.96
59800;598;567.384;1105.93;1107.11;-117.984;738.072;1425.56;2213.04
59900;599;568.433;1105.95;1107.54;-159.611;738.361;1427.94;2213.49
60000;600;569.331;1105.93;1106.93;-0.997104;737.953;1430.32;2212.86
60100;601;570.258;1105.9;1109.03;-312.744;739.352;1432.69;2214.93
60200;602;571.185;1105.93;1106.96;-102.431;737.973;1435.07;2212.89
60300;603;572.134;1105.93;1107.28;-13.523;738.185;1437.45;2213.2
60400;604;573.106;1105.94;1107.25;-131.428;738.169;1439.82;2213.19
60500;605;573.923;1105.93;1106.96;-103.254;737.976;1442.2;2212.9
60600;606;574.903;1105.97;1108.9;-292.934;739.268;1444.57;2214.87
60700;607;575.848;1105.93;1106.93;-0.993267;737.951;1446.95;2212.86
60800;608;576.814;1105.92;1107.59;-166.796;738.391;1449.33;2213.51
60900;609;577.751;1105.94;1107.09;-115.755;738.063;1451.7;2213.03
61000;610;578.588;1105.93;1107.03;-110.005;73.802;1454.08;2212.96
61100;611;579.622;1105.95;1107.93;-197.086;738.617;1456.46;2213.88
61200;612;580.566;1105.93;1106.92;-0.986624;737.946;1458.83;2212.85
61300;613;581.535;1105.9;1108.22;-231.779;738.814;1461.21;2214.12
61400;614;582.419;1105.94;1107;-106.554;738.001;1463.58;2212.94
61500;615;583.324;1105.93;1107.14;-121.567;738.096;1465.96;2213.07
61600;616;584.371;1105.94;1107.45;-150.356;738.298;1468.34;2213.39
61700;617;585.31;1105.93;1106.94;-100.322;737.957;1470.71;2212.87
61800;618;586.279;1105.92;1109.25;-333.594;739.503;1473.09;2215.17
61900;619;587.134;1105.93;1106.95;-101.304;737.965;1475.47;2212.88
62000;620;588.107;1105.92;1107.34;-141.586;738.227;1477.84;2213.26
62100;621;589.147;1105.94;1107.2;-126.406;738.135;1480.22;2213.14
62200;622;590.077;1105.93;1106.98;-104.612;737.985;1482.6;2212.91
62300;623;591.03;1105.97;1108.6;-262.538;739.064;1484.97;2214.57
62400;624;591.922;1105.93;1106.92;-0.988741;737.948;1487.35;2212.86
62500;625;592.936;1105.92;1107.71;-179.275;738.473;1489.72;2213.63
62600;626;593.96;1105.94;1107.06;-112.806;738.043;1492.1;2213
62700;627;594.883;1105.93;1107.05;-112.415;738.036;1494.48;2212.98
62800;628;595.841;1105.95;1107.76;-181.296;738.509;1496.85;2213.71
62900;629;596.729;1105.93;1106.92;-0.988135;737.947;1499.23;2212.85
63000;630;597.712;1105.9;1108.48;-25.831;738.988;1501.61;2214.38
63100;631;598.652;1105.93;1106.98;-104.806;737.989;1503.98;2212.92
63200;632;599.503;1105.93;1107.18;-125.708;738.123;1506.36;2213.11
63300;633;600.444;1105.94;1107.37;-142.562;738.245;1508.73;2213.31
63400;634;601.387;1105.93;1106.94;-101.114;737.962;1511.11;2212.87
63500;635;602.403;1105.95;1109.3;-335.144;739.531;1513.49;2215.24
63600;636;603.302;1105.93;1106.94;-10.037;737.958;1515.86;2212.87
63700;637;604.151;1105.92;1107.41;-14.908;738.276;1518.24;2213.34
63800;638;605.151;1105.94;1107.16;-122.062;738.106;1520.62;2213.1
63900;639;606.107;1105.93;1106.99;-106.208;737.995;1522.99;2212.92
64000;640;607.122;1105.96;1108.32;-235.267;738.878;1525.37;2214.28
64100;641;607.98;1105.93;1106.92;-0.985846;737.946;1527.74;2212.85
64200;642;608.878;1105.91;1107.86;-194.495;738.572;1530.12;2213.77
64300;643;609.899;1105.94;1107.04;-110.231;738.025;1532.5;2212.97
64400;644;610.854;1105.93;1107.08;-115.192;738.054;1534.87;2213.01
64500;645;611.848;1105.95;1107.63;-168.344;738.421;1537.25;2213.58
64600;646;612.681;1105.93;1106.92;-0.991272;737.949;1539.63;2212.86
64700;647;613.67;1105.9;1108.78;-288.344;739.186;1542;2214.68
64800;648;614.674;1105.93;1106.97;-1.033;737.978;1544.38;2212.9
64900;649;615.625;1105.93;1107.23;-130.508;738.154;1546.75;2213.16
65000;650;616.588;1105.94;1107.3;-13.594;73.82;1549.13;2213.24
65100;651;617.449;1105.93;1106.95;-102.097;737.968;1551.51;2212.88
65200;652;618.509;1105.97;1109.13;-316.429;73.942;1553.88;2215.1
65300;653;619.486;1105.93;1106.93;-0.996172;737.953;1556.26;2212.86
65400;654;620.438;1105.92;1107.5;-157.987;738.334;1558.64;2213.42
65500;655;621.38;1105.94;1107.12;-118.288;73.808;1561.01;2213.06
65600;656;622.273;1105.93;1107.01;-108.067;738.007;1563.39;2212.94
65700;657;623.294;1105.96;1108.08;-212.464;738.722;1565.76;2214.04
65800;658;624.197;1105.93;1106.92;-0.984554;737.945;1568.14;2212.85
65900;659;625.091;1105.91;1108.04;-21.317;738.693;1570.52;2213.95
66000;660;625.975;1105.94;1107.02;-107.984;73.801;1572.89;2212.95
66100;661;626.928;1105.93;1107.11;-11.839;738.075;1575.27;2213.04
66200;662;627.958;1105.95;1107.52;-157.625;738.348;1577.65;2213.47
66300;663;628.85;1105.93;1106.93;-0.996077;737.952;1580.02;2212.86
66400;664;629.749;1105.9;1109.08;-31.728;739.383;1582.4;2214.98
66500;665;630.675;1105.93;1106.95;-102.015;73.797;1584.77;2212.89
66600;666;631.651;1105.93;1107.29;-136.101;738.191;1587.15;2213.21
66700;667;632.663;1105.94;1107.24;-130.273;738.161;1589.53;2213.18
66800;668;633.535;1105.93;1106.96;-103.285;737.976;1591.9;2212.9
66900;669;634.46;1105.97;1108.84;-287.213;73.923;1594.28;2214.82
67000;670;635.423;1105.93;1106.92;-0.990378;737.949;1596.66;2212.86
67100;671;636.405;1105.92;1107.61;-168.669;738.404;1599.03;2213.52
67200;672;637.387;1105.94;1107.09;-115.001;738.058;1601.41;2213.02
67300;673;638.241;1105.93;1107.03;-110.219;738.022;1603.78;2212.96
67400;674;639.227;1105.95;1107.89;-193.816;738.595;1606.16;2213.85
67500;675;640.2;1105.93;1106.92;-0.984853;737.945;1608.54;2212.85
67600;676;641.186;1105.9;1108.26;-236.023;738.842;1610.91;2214.17
67700;677;642.131;1105.94;1107;-10.603;737.997;1613.29;2212.93
67800;678;642.988;1105.93;1107.15;-122.076;738.099;1615.67;2213.08
67900;679;644.041;1105.94;1107.43;-148.668;738.287;1618.04;2213.37
68000;680;645.012;1105.93;1106.93;-100.261;737.956;1620.42;2212.87
68100;681;646.013;1105.92;1109.28;-335.319;739.517;1622.79;2215.2
68200;682;646.921;1105.93;1106.94;-100.934;737.962;1625.17;2212.88
68300;683;647.822;1105.92;1107.35;-142.654;738.234;1627.55;2213.28
68400;684;648.834;1105.94;1107.19;-125.392;738.128;1629.92;2213.13
68500;685;649.742;1105.93;1106.98;-104.694;737.985;1632.3;2212.91
68600;686;650.692;1105.97;1108.54;-257.147;739.027;1634.67;2214.51
68700;687;651.518;1105.93;1106.92;-0.986246;737.946;1637.05;2212.85
68800;688;652.474;1105.92;1107.73;-181.603;738.488;1639.43;2213.65
68900;689;653.491;1105.94;1107.06;-112.132;738.038;1641.8;2212.99
69000;690;654.397;1105.93;1107.06;-112.701;738.038;1644.18;2212.99
69100;691;655.337;1105.95;1107.74;-178.596;738.491;1646.56;2213.69
69200;692;656.196;1105.93;1106.92;-0.98675;737.946;1648.93;2212.85
69300;693;657.209;1105.9;1108.53;-263.334;739.021;1651.31;2214.43
69400;694;658.195;1105.93;1106.98;-104.337;737.986;1653.68;2212.91
69500;695;659.088;1105.93;1107.19;-126.337;738.127;1656.06;2213.12
69600;696;660.014;1105.94;1107.35;-141.112;738.235;1658.44;2213.29
69700;697;660.943;1105.93;1106.94;-101.096;737.962;1660.81;2212.87
69800;698;661.98;1105.95;1109.28;-3.329;73.952;1663.19;2215.23
69900;699;662.921;1105.93;1106.93;-100.042;737.956;1665.57;2212.87
70000;700;663.803;1105.92;1107.43;-150.388;738.284;1667.94;2213.35
70100;701;664.747;1105.94;1107.15;-121.167;73.81;1670.32;2213.09
70200;702;665.724;1105.93;1106.99;-106.345;737.996;1672.69;2212.92
70300;703;666.762;1105.96;1108.27;-230.662;738.847;1675.07;2214.23
70400;704;667.667;1105.93;1106.92;-0.983733;737.945;1677.45;2212.85
70500;705;668.55;1105.91;1107.89;-197.398;73.859;1679.82;2213.8
70600;706;669.553;1105.94;1107.03;-109.629;738.021;1682.2;2212.97
70700;707;670.539;1105.93;1107.08;-115.559;738.057;1684.57;2213.01
70800;708;671.568;1105.95;1107.61;-166.095;738.405;1686.95;2213.56
70900;709;672.458;1105.93;1106.92;-0.990273;737.948;1689.33;2212.86
71000;710;673.393;1105.9;1108.83;-293.667;739.222;1691.7;2214.73
71100;711;674.365;1105.93;1106.96;-102.881;737.976;1694.08;2212.9
71200;712;675.289;1105.93;1107.24;-131.278;738.159;1696.46;2213.17
71300;713;676.247;1105.94;1107.29;-134.685;738.191;1698.83;2213.23
71400;714;677.072;1105.93;1106.95;-102.124;737.969;1701.21;2212.88
71500;715;678.042;1105.97;1109.08;-311.444;739.388;1703.58;2215.05
71600;716;679.019;1105.93;1106.93;-0.993303;737.951;1705.96;2212.86
71700;717;679.947;1105.92;1107.52;-159.593;738.344;1708.34;2213.44
71800;718;680.887;1105.94;1107.11;-117.495;738.075;1710.71;2213.05
71900;719;681.727;1105.93;1107.01;-108.263;738.009;1713.09;2212.94
72000;720;682.775;1105.96;1108.04;-208.659;738.696;1715.47;2214
72100;721;683.724;1105.93;1106.92;-0.982812;737.944;1717.84;2212.85
72200;722;684.649;1105.91;1108.07;-216.782;738.717;1720.22;2213.98
72300;723;685.562;1105.94;1107.01;-107.446;738.007;1722.59;2212.95
72400;724;686.462;1105.93;1107.12;-118.847;738.078;1724.97;2213.05
72500;725;687.527;1105.94;1107.5;-155.732;738.335;1727.35;2213.45
72600;726;688.452;1105.93;1106.93;-0.995466;737.952;1729.72;2212.86
72700;727;689.381;1105.91;1109.12;-321.504;739.413;1732.1;2215.03
72800;728;690.274;1105.93;1106.95;-101.642;737.967;1734.47;2212.89
72900;729;691.248;1105.93;1107.3;-137.037;738.197;1736.85;2213.22
73000;730;692.295;1105.94;1107.23;-129.179;738.154;1739.23;2213.17
73100;731;693.201;1105.93;1106.96;-103.358;737.977;1741.6;2212.9
73200;732;694.142;1105.97;1108.79;-281.517;739.192;1743.98;2214.76
73300;733;695.058;1105.93;1106.92;-0.987892;737.948;1746.36;2212.85
73400;734;696.07;1105.92;1107.62;-170.649;738.416;1748.73;2213.54
73500;735;697.093;1105.94;1107.08;-114.295;738.053;1751.11;2213.02
73600;736;697.991;1105.93;1107.03;-110.479;738.023;1753.48;2212.96
73700;737;698.957;1105.95;1107.86;-190.691;738.574;1755.86;2213.81
73800;738;699.892;1105.93;1106.92;-0.983475;737.944;1758.24;2212.85
73900;739;700.849;1105.9;1108.31;-240.449;738.871;1760.61;2214.21
74000;740;701.788;1105.94;1106.99;-105.548;737.994;1762.99;2212.93
74100;741;702.628;1105.93;1107.15;-122.638;738.103;1765.36;2213.08
74200;742;703.578;1105.94;1107.41;-147.058;738.276;1767.74;2213.36
74300;743;704.544;1105.93;1106.93;-10.024;737.956;1770.12;2212.87
74400;744;705.521;1105.93;1109.29;-336.382;739.528;1772.49;2215.22
74500;745;706.427;1105.93;1106.94;-100.603;73.796;1774.87;2212.87
74600;746;707.275;1105.92;1107.36;-143.792;738.241;1777.24;2213.29
74700;747;708.296;1105.94;1107.18;-124.432;738.122;1779.62;2213.12
74800;748;709.252;1105.93;1106.98;-104.816;737.986;1782;2212.91
74900;749;710.232;1105.97;1108.49;-251.914;738.992;1784.37;2214.46
75000;750;711.103;1105.93;1106.92;-0.984129;737.945;1786.75;2212.85
75100;751;711.99;1105.91;1107.76;-184.055;738.504;1789.13;2213.67
75200;752;713.047;1105.94;1107.05;-111.503;738.034;1791.5;2212.99
75300;753;713.982;1105.93;1107.06;-113.032;73.804;1793.88;2212.99
75400;754;714.954;1105.95;1107.71;-176.016;738.473;1796.25;2213.66
75500;755;715.81;1105.93;1106.92;-0.985736;737.946;1798.63;2212.85
75600;756;716.781;1105.9;1108.58;-268.498;739.055;1801.01;2214.48
75700;757;717.816;1105.93;1106.97;-103.907;737.983;1803.38;2212.91
75800;758;718.734;1105.93;1107.2;-127.019;738.132;1805.76;2213.12
75900;759;719.695;1105.94;1107.34;-13.973;738.226;1808.13;2213.28
76000;760;720.569;1105.93;1106.94;-101.116;737.962;1810.51;2212.87
76100;761;721.624;1105.95;1109.26;-330.046;739.503;1812.89;2215.21
76200;762;722.612;1105.93;1106.93;-0.997517;737.954;1815.26;2212.87
76300;763;723.526;1105.92;1107.44;-151.774;738.293;1817.64;2213.36
76400;764;724.491;1105.94;1107.14;-12.032;738.094;1820.02;2213.08
76500;765;725.415;1105.93;1107;-10.652;737.997;1822.39;2212.93
76600;766;726.429;1105.96;1108.22;-226.236;738.817;1824.77;2214.19
76700;767;727.324;1105.93;1106.92;-0.981973;737.943;1827.14;2212.85
76800;768;728.188;1105.91;1107.92;-200.446;73.861;1829.52;2213.83
76900;769;729.105;1105.94;1107.03;-109.067;738.018;1831.9;2212.96
77000;770;730.065;1105.93;1107.09;-115.969;738.059;1834.27;2213.02
77100;771;731.083;1105.95;1107.59;-163.944;738.391;1836.65;2213.53
77200;772;731.962;1105.93;1106.92;-0.989623;737.948;1839.02;2212.85
77300;773;732.846;1105.9;1108.89;-298.955;739.258;1841.4;2214.78
77400;774;733.803;1105.93;1106.96;-102.498;737.973;1843.78;2212.89
77500;775;734.779;1105.93;1107.25;-132.103;738.165;1846.15;2213.17
77600;776;735.776;1105.94;1107.28;-133.489;738.183;1848.53;2213.22
77700;777;736.64;1105.93;1106.95;-102.186;737.969;1850.9;2212.88
77800;778;737.562;1105.97;1109.03;-306.223;739.355;1853.28;2215
77900;779;738.558;1105.93;1106.92;-0.990776;73.795;1855.66;2212.86
78000;780;739.516;1105.92;1107.53;-161.287;738.355;1858.03;2213.45
78100;781;740.489;1105.94;1107.1;-116.745;73.807;1860.41;2213.04
78200;782;741.347;1105.93;1107.02;-108.496;73.801;1862.78;2212.95
78300;783;742.33;1105.96;1108.01;-205.013;738.672;1865.16;2213.96
78400;784;743.331;1105.93;1106.91;-0.981402;737.943;1867.54;2212.85
78500;785;744.276;1105.91;1108.11;-220.561;738.741;1869.91;2214.02
78600;786;745.227;1105.94;1107;-106.944;738.003;1872.29;2212.94
78700;787;746.096;1105.93;1107.12;-119.349;738.081;1874.67;2213.05
78800;788;747.156;1105.94;1107.48;-153.921;738.322;1877.04;2213.43
78900;789;748.129;1105.93;1106.93;-0.995187;737.952;1879.42;2212.86
79000;790;749.081;1105.91;1109.16;-325.334;739.441;1881.79;2215.07
79100;791;750.016;1105.93;1106.95;-101.302;737.965;1884.17;2212.88
79200;792;750.94;1105.93;1107.31;-138.033;738.204;1886.55;2213.23
79300;793;751.97;1105.94;1107.22;-128.136;738.147;1888.92;2213.16
79400;794;752.859;1105.93;1106.97;-103.465;737.977;1891.3;2212.9
79500;795;753.775;1105.97;1108.73;-275.873;739.154;1893.67;2214.7
79600;796;754.641;1105.93;1106.92;-0.985728;737.946;1896.05;2212.85
79700;797;755.584;1105.92;1107.64;-172.731;73.843;1898.43;2213.56
79800;798;756.615;1105.94;1107.07;-113.629;738.049;1900.8;2213.01
79900;799;757.494;1105.93;1107.04;-110.776;738.025;1903.18;2212.97
80000;800;758.427;1105.95;1107.83;-187.698;738.553;1905.55;2213.78
80100;801;759.312;1105.93;1106.92;-0.982412;737.943;1907.93;2212.85
80200;802;760.315;1105.9;1108.35;-245.048;738.901;1910.31;2214.25
80300;803;761.305;1105.94;1106.99;-105.101;737.991;1912.68;2212.92
80400;804;762.174;1105.93;1107.16;-123.245;738.107;1915.06;2213.09
80500;805;763.118;1105.94;1107.4;-145.517;738.265;1917.43;2213.34
80600;806;764.059;1105.93;1106.93;-10.025;737.956;1919.81;2212.87
80700;807;765.073;1105.93;1109.3;-336.747;739.534;1922.19;2215.23
80800;808;766.016;1105.93;1106.94;-100.304;737.958;1924.56;2212.87
80900;809;766.884;1105.92;1107.37;-144.996;738.249;1926.94;2213.3
81000;810;767.852;1105.94;1107.17;-123.517;738.116;1929.32;2213.11
81100;811;768.841;1105.93;1106.98;-104.972;737.987;1931.69;2212.91
81200;812;769.847;1105.97;1108.44;-24.684;738.957;1934.07;2214.4
81300;813;770.753;1105.93;1106.92;-0.982314;737.944;1936.44;2212.85
81400;814;771.633;1105.91;1107.78;-186.628;73.852;1938.82;2213.69
81500;815;772.656;1105.94;1107.05;-11.091;73.803;1941.2;2212.98
81600;816;773.643;1105.93;1107.06;-1.134;738.042;1943.57;2212.99
81700;817;774.641;1105.95;1107.68;-173.544;738.456;1945.95;2213.63
81800;818;775.537;1105.93;1106.92;-0.985019;737.945;1948.32;2212.85
81900;819;776.468;1105.9;1108.63;-273.777;739.089;1950.7;2214.53
82000;820;777.495;1105.93;1106.97;-103.508;73.798;1953.08;2212.9
82100;821;778.393;1105.93;1107.2;-127.749;738.136;1955.45;2213.13
82200;822;779.332;1105.94;1107.33;-138.408;738.217;1957.83;2213.27
82300;823;780.176;1105.93;1106.94;-101.165;737.962;1960.2;2212.88
82400;824;781.128;1105.96;1109.22;-32.663;739.483;1962.58;2215.18
82500;825;782.138;1105.93;1106.93;-0.994907;737.953;1964.96;2212.86
82600;826;783.028;1105.92;1107.45;-153.233;738.303;1967.33;2213.38
82700;827;783.97;1105.94;1107.13;-119.514;738.089;1969.71;2213.07
82800;828;784.834;1105.93;1107;-106.728;737.999;1972.08;2212.93
82900;829;785.873;1105.96;1108.18;-221.978;738.788;1974.46;2214.14
83000;830;786.828;1105.93;1106.91;-0.980498;737.942;1976.84;2212.85
83100;831;787.713;1105.91;1107.95;-203.637;738.631;1979.21;2213.86
83200;832;788.653;1105.94;1107.02;-108.539;738.014;1981.59;2212.96
83300;833;789.558;1105.93;1107.09;-116.417;738.062;1983.96;2213.02
83400;834;790.627;1105.95;1107.57;-161.883;738.377;1986.34;2213.51
83500;835;791.54;1105.93;1106.92;-0.989257;737.948;1988.72;2212.85
83600;836;792.435;1105.9;1108.94;-30.415;739.293;1991.09;2214.84
83700;837;793.375;1105.93;1106.96;-102.144;737.971;1993.47;2212.89
83800;838;794.344;1105.93;1107.26;-132.978;738.171;1995.84;2213.18
83900;839;795.385;1105.94;1107.26;-132.344;738.176;1998.22;2213.2
84000;840;796.275;1105.93;1106.95;-102.277;73.797;2000.6;2212.89
84100;841;797.201;1105.97;1108.98;-300.827;73.932;2002.97;2214.95
84200;842;798.154;1105.93;1106.92;-0.988528;737.948;2005.35;2212.86
84300;843;799.158;1105.92;1107.55;-163.065;738.367;2007.72;2213.47
84400;844;800.168;1105.94;1107.1;-116.032;738.065;2010.1;2213.03
84500;845;801.055;1105.93;1107.02;-108.761;738.012;2012.48;2212.95
84600;846;802.027;1105.96;1107.97;-201.516;738.648;2014.85;2213.93
84700;847;803.009;1105.93;1106.91;-0.980262;737.942;2017.23;2212.85
84800;848;803.937;1105.91;1108.15;-224.505;738.767;2019.61;2214.06
84900;849;804.87;1105.94;1107;-106.474;73.8;2021.98;2212.94
85000;850;805.709;1105.93;1107.13;-119.889;738.085;2024.36;2213.06
85100;851;806.672;1105.94;1107.47;-152.184;738.311;2026.73;2213.41
85200;852;807.655;1105.93;1106.93;-0.995179;737.952;2029.11;2212.86
85300;853;808.584;1105.91;1109.2;-328.692;739.466;2031.49;2215.11
85400;854;809.502;1105.93;1106.94;-10.099;737.963;2033.86;2212.88
85500;855;810.361;1105.92;1107.32;-139.083;738.211;2036.24;2213.24
85600;856;811.389;1105.94;1107.21;-127.138;73.814;2038.61;2213.15
85700;857;812.35;1105.93;1106.97;-103.601;737.978;2040.99;2212.9
85800;858;813.285;1105.97;1108.67;-270.307;739.116;2043.37;2214.65
85900;859;814.181;1105.93;1106.92;-0.983825;737.945;2045.74;2212.85
86000;860;815.073;1105.92;1107.67;-174.912;738.444;2048.12;2213.58
86100;861;816.147;1105.94;1107.07;-112.997;738.044;2050.49;2213
86200;862;817.062;1105.93;1107.04;-111.104;738.027;2052.87;2212.97
86300;863;818.006;1105.95;1107.8;-184.828;738.534;2055.25;2213.75
86400;864;818.897;1105.93;1106.91;-0.981606;737.943;2057.62;2212.85
86500;865;819.851;1105.9;1108.4;-249.809;738.932;2060;2214.3
86600;866;820.908;1105.94;1106.98;-104.682;737.988;2062.37;2212.92
86700;867;821.796;1105.93;1107.17;-123.891;738.111;2064.75;2213.09
86800;868;822.752;1105.94;1107.38;-144.038;738.255;2067.13;2213.33
86900;869;823.661;1105.93;1106.93;-100.286;737.957;2069.5;2212.87
87000;870;824.693;1105.94;1109.3;-336.397;739.535;2071.88;2215.24
87100;871;825.688;1105.93;1106.93;-100.031;737.956;2074.25;2212.87
87200;872;826.573;1105.92;1107.39;-14.626;738.257;2076.63;2213.31
87300;873;827.556;1105.94;1107.16;-122.643;73.811;2079.01;2213.1
87400;874;828.519;1105.93;1106.98;-105.155;737.988;2081.38;2212.91
87500;875;829.515;1105.97;1108.39;-241.926;738.924;2083.76;2214.35
87600;876;830.403;1105.93;1106.91;-0.980747;737.943;2086.13;2212.85
87700;877;831.246;1105.91;1107.81;-189.321;738.538;2088.51;2213.72
87800;878;832.201;1105.94;1107.04;-110.348;738.026;2090.89;2212.98
87900;879;833.162;1105.93;1107.07;-1.138;738.045;2093.26;2213
88000;880;834.155;1105.95;1107.66;-171.171;73.844;2095.64;2213.61
88100;881;835.029;1105.93;1106.92;-0.984548;737.945;2098.01;2212.85
88200;882;835.903;1105.9;1108.69;-279.141;739.125;2100.39;2214.58
88300;883;836.894;1105.93;1106.97;-103.136;737.977;2102.77;2212.9
88400;884;837.869;1105.93;1107.21;-12.852;738.141;2105.14;2213.14
88500;885;838.837;1105.94;1107.31;-137.137;738.208;2107.52;2213.25
88600;886;839.704;1105.93;1106.94;-10.124;737.963;2109.89;2212.88
88700;887;840.627;1105.96;1109.19;-322.715;739.459;2112.27;2215.15
88800;888;841.649;1105.93;1106.93;-0.992541;737.951;2114.65;2212.86
88900;889;842.586;1105.92;1107.47;-154.762;738.313;2117.02;2213.39
89000;890;843.544;1105.94;1107.13;-118.744;738.083;2119.4;2213.06
89100;891;844.416;1105.93;1107;-106.963;73.8;2121.77;2212.93
89200;892;845.399;1105.96;1108.14;-217.883;73.876;2124.15;2214.1
89300;893;846.423;1105.93;1106.91;-0.979259;737.942;2126.53;2212.85
89400;894;847.323;1105.91;1107.98;-206.972;738.653;2128.9;2213.89
89500;895;848.281;1105.94;1107.02;-108.039;738.011;2131.28;2212.95
89600;896;849.173;1105.93;1107.1;-116.898;738.065;2133.65;2213.03
89700;897;850.224;1105.95;1107.54;-159.902;738.363;2136.03;2213.49
89800;898;851.205;1105.93;1106.92;-0.989126;737.948;2138.41;2212.85
89900;899;852.108;1105.9;1108.99;-309.189;739.328;2140.78;2214.89
90000;900;853.073;1105.93;1106.95;-101.816;737.968;2143.16;2212.89
90100;901;854.013;1105.93;1107.26;-133.899;738.177;2145.53;2213.19
90200;902;855.065;1105.94;1107.25;-131.245;738.168;2147.91;2213.19
90300;903;855.935;1105.93;1106.96;-102.393;73.797;2150.29;2212.89
90400;904;856.816;1105.97;1108.92;-295.311;739.283;2152.66;2214.9
90500;905;857.727;1105.93;1106.92;-0.98651;737.947;2155.04;2212.85
90600;906;858.662;1105.92;1107.57;-164.926;738.379;2157.41;2213.49
90700;907;859.696;1105.94;1107.09;-115.351;73.806;2159.79;2213.03
90800;908;860.554;1105.93;1107.02;-109.053;738.014;2162.17;2212.95
90900;909;861.476;1105.96;1107.94;-198.158;738.625;2164.54;2213.89
91000;910;862.404;1105.93;1106.91;-0.979347;737.942;2166.92;2212.85
91100;911;863.388;1105.9;1108.19;-228.611;738.794;2169.29;2214.09
91200;912;864.371;1105.94;1107;-106.029;737.997;2171.67;2212.93
91300;913;865.226;1105.93;1107.13;-120.463;738.089;2174.05;2213.06
91400;914;866.182;1105.94;1107.45;-150.513;738.299;2176.42;2213.39
91500;915;867.142;1105.93;1106.93;-0.995399;737.952;2178.8;2212.86
91600;916;868.13;1105.92;1109.23;-331.506;739.487;2181.17;2215.15
91700;917;869.072;1105.93;1106.94;-100.701;737.961;2183.55;2212.88
91800;918;869.935;1105.92;1107.33;-140.185;738.218;2185.93;2213.25
91900;919;870.929;1105.94;1107.2;-12.618;738.134;2188.3;2213.14
92000;920;871.925;1105.93;1106.97;-103.761;737.979;2190.68;2212.9
92100;921;872.889;1105.97;1108.62;-264.839;739.079;2193.05;2214.59
92200;922;873.803;1105.93;1106.92;-0.982142;737.944;2195.43;2212.85
92300;923;874.688;1105.92;1107.69;-177.193;738.459;2197.81;2213.61
92400;924;875.729;1105.94;1107.06;-112.393;73.804;2200.18;2213
92500;925;876.719;1105.93;1107.04;-111.461;73.803;2202.56;2212.97
92600;926;877.674;1105.95;1107.77;-182.071;738.515;2204.93;2213.72
92700;927;878.587;1105.93;1106.91;-0.981015;737.943;2207.31;2212.85
92800;928;879.52;1105.9;1108.45;-254.724;738.964;2209.69;2214.35
92900;929;880.59;1105.94;1106.98;-104.287;737.985;2212.06;2212.91
93000;930;881.467;1105.93;1107.17;-124.574;738.116;2214.44;2213.1
93100;931;882.38;1105.94;1107.37;-142.616;738.246;2216.81;2213.31
93200;932;883.251;1105.93;1106.94;-100.345;737.957;2219.19;2212.87
93300;933;884.192;1105.94;1109.3;-335.332;739.531;2221.56;2215.24
93400;934;885.225;1105.93;1106.93;-0.997795;737.955;2223.94;2212.87
93500;935;886.081;1105.92;1107.4;-147.583;738.266;2226.32;2213.32
93600;936;887.021;1105.94;1107.16;-121.803;738.104;2228.69;2213.09
93700;937;887.917;1105.93;1106.98;-105.363;73.799;2231.07;2212.92
93800;938;888.934;1105.97;1108.34;-237.174;738.891;2233.44;2214.3
93900;939;889.901;1105.93;1106.91;-0.979389;737.942;2235.82;2212.85
94000;940;890.752;1105.91;1107.83;-192.134;738.556;2238.2;2213.75
94100;941;891.714;1105.94;1107.03;-109.813;738.023;2240.57;2212.97
94200;942;892.641;1105.93;1107.07;-114.228;738.048;2242.95;2213
94300;943;893.694;1105.95;1107.64;-168.891;738.425;2245.32;2213.59
94400;944;894.598;1105.93;1106.92;-0.984284;737.945;2247.7;2212.85
94500;945;895.466;1105.9;1108.74;-284.559;739.161;2250.08;2214.64
94600;946;896.449;1105.93;1106.96;-102.787;737.975;2252.45;2212.9
94700;947;897.416;1105.93;1107.22;-129.331;738.147;2254.83;2213.15
94800;948;898.444;1105.94;1107.3;-135.915;73.82;2257.2;2213.24
94900;949;899.323;1105.93;1106.95;-101.337;737.963;2259.58;2212.88
95000;950;900.235;1105.96;1109.15;-318.366;739.432;2261.96;2215.11
95100;951;901.233;1105.93;1106.92;-0.990383;73.795;2264.33;2212.86
95200;952;902.227;1105.92;1107.49;-156.359;738.323;2266.71;2213.41
95300;953;903.213;1105.94;1107.12;-118.005;738.078;2269.08;2213.06
95400;954;904.098;1105.93;1107;-107.223;738.002;2271.46;2212.93
95500;955;905.071;1105.96;1108.1;-213.944;738.733;2273.84;2214.06
95600;956;906.102;1105.93;1106.91;-0.97822;737.941;2276.21;2212.84
95700;957;907.007;1105.91;1108.01;-210.451;738.675;2278.59;2213.92
95800;958;907.925;1105.94;1107.01;-107.563;738.008;2280.96;2212.95
95900;959;908.774;1105.93;1107.1;-117.408;738.069;2283.34;2213.03
96000;960;909.746;1105.95;1107.53;-157.997;73.835;2285.72;2213.47
96100;961;910.741;1105.93;1106.92;-0.989197;737.948;2288.09;2212.85
96200;962;911.625;1105.9;1109.04;-314.003;739.361;2290.47;2214.94
96300;963;912.554;1105.93;1106.95;-101.508;737.966;2292.84;2212.88
96400;964;913.432;1105.93;1107.27;-134.864;738.183;2295.22;2213.2
96500;965;914.46;1105.94;1107.24;-130.187;738.161;2297.6;2213.18
96600;966;915.429;1105.93;1106.96;-102.531;737.971;2299.97;2212.89
96700;967;916.314;1105.97;1108.87;-289.727;739.246;2302.35;2214.84
96800;968;917.239;1105.93;1106.92;-0.984689;737.946;2304.72;2212.85
96900;969;918.147;1105.92;1107.59;-166.869;738.392;2307.1;2213.51
97000;970;919.218;1105.94;1107.08;-114.698;738.056;2309.48;2213.02
97100;971;920.123;1105.93;1107.02;-10.937;738.016;2311.85;2212.95
97200;972;921.036;1105.95;1107.9;-194.931;738.603;2314.23;2213.86
97300;973;921.966;1105.93;1106.91;-0.978624;737.941;2316.6;2212.84
97400;974;922.914;1105.9;1108.23;-232.878;738.821;2318.98;2214.14
97500;975;923.98;1105.94;1106.99;-105.607;737.994;2321.35;2212.93
97600;976;924.843;1105.93;1107.14;-121.068;738.093;2323.73;2213.07
97700;977;925.791;1105.94;1107.43;-148.904;738.288;2326.11;2213.38
97800;978;926.739;1105.93;1106.93;-0.995814;737.952;2328.48;2212.86
97900;979;927.74;1105.92;1109.26;-333.712;739.505;2330.86;2215.18
98000;980;928.745;1105.93;1106.94;-100.433;737.959;2333.23;2212.87
98100;981;929.61;1105.92;1107.34;-141.336;738.225;2335.61;2213.26
98200;982;930.604;1105.94;1107.19;-125.258;738.128;2337.99;2213.13
98300;983;931.593;1105.93;1106.97;-103.942;73.798;2340.36;2212.9
98400;984;932.583;1105.97;1108.56;-259.487;739.043;2342.74;2214.53
98500;985;933.465;1105.93;1106.91;-0.980646;737.943;2345.11;2212.85
98600;986;934.298;1105.92;1107.71;-179.573;738.475;2347.49;2213.63
98700;987;935.281;1105.94;1107.05;-111.815;738.036;2349.87;2212.99
98800;988;936.241;1105.93;1107.05;-111.842;738.032;2352.24;2212.98
98900;989;937.208;1105.95;1107.74;-179.422;738.497;2354.62;2213.7
99000;990;938.084;1105.93;1106.91;-0.980608;737.942;2356.99;2212.85
99100;991;938.955;1105.9;1108.5;-259.781;738.997;2359.37;2214.39
99200;992;939.977;1105.94;1106.97;-103.913;737.983;2361.75;2212.91
99300;993;940.947;1105.93;1107.18;-125.291;73.812;2364.12;2213.11
99400;994;941.88;1105.94;1107.35;-141.244;738.236;2366.5;2213.3
99500;995;942.761;1105.93;1106.94;-100.422;737.957;2368.87;2212.87
99600;996;943.681;1105.95;1109.28;-333.573;739.522;2371.25;2215.23
99700;997;944.724;1105.93;1106.93;-0.995471;737.953;2373.63;2212.86
99800;998;945.65;1105.92;1107.41;-148.962;738.275;2376;2213.34
99900;999;946.584;1105.94;1107.15;-120.995;738.099;2378.38;2213.09
